transaction_id,building_id,community,property_type,bedrooms,size_sqft,price_aed,price_per_sqft,transaction_type,transaction_date,registration_type,buyer_type
TXN-00001,BLD-020,Dubai Marina,Apartment,0,1415.0,3026614.25,2138.95,Off-Plan,2026-07-02,Oqood,Individual
TXN-00002,BLD-059,Dubai Hills Estate,Apartment,1,2144.0,3213084.16,1498.64,Off-Plan,2026-02-21,Oqood,Individual
TXN-00003,BLD-011,Motor City,Villa,5,6839.0,7202082.51,1053.09,Off-Plan,2025-02-15,Oqood,Individual
TXN-00004,BLD-080,DAMAC Hills,Apartment,2,2243.0,2794890.15,1246.05,Sale,2025-04-22,Title Deed,Individual
TXN-00005,BLD-057,Downtown Dubai,Apartment,1,477.0,1107035.91,2320.83,Sale,2025-09-17,Title Deed,Individual
TXN-00006,BLD-068,Dubai Hills Estate,Apartment,2,777.0,1374520.77,1769.01,Sale,2026-06-03,Title Deed,Individual
TXN-00007,BLD-075,Jumeirah Lake Towers,Apartment,2,923.0,1342549.65,1454.55,Off-Plan,2025-06-20,Oqood,Company
TXN-00008,BLD-010,Dubai South,Apartment,1,1583.0,1607868.93,1015.71,Sale,2025-08-01,Title Deed,Company
TXN-00009,BLD-050,Arabian Ranches,Villa,3,4592.0,5458372.64,1188.67,Off-Plan,2026-02-19,Oqood,Individual
TXN-00010,BLD-036,Motor City,Apartment,3,1961.0,2517198.43,1283.63,Off-Plan,2025-10-30,Oqood,Company
TXN-00011,BLD-030,Dubai Marina,Apartment,1,1681.0,3059100.61,1819.81,Off-Plan,2025-05-30,Oqood,Individual
TXN-00012,BLD-013,Business Bay,Townhouse,4,2356.0,4309171.12,1829.02,Off-Plan,2025-11-08,Oqood,Individual
TXN-00013,BLD-042,Jumeirah Village Circle,Villa,3,3421.0,4299307.54,1256.74,Sale,2025-06-27,Title Deed,Company
TXN-00014,BLD-033,Mohammed Bin Rashid City,Townhouse,4,3541.0,7115816.55,2009.55,Off-Plan,2025-03-28,Oqood,Individual
TXN-00015,BLD-019,Motor City,Villa,3,5979.0,6960632.22,1164.18,Off-Plan,2025-04-12,Oqood,Individual
TXN-00016,BLD-051,Motor City,Apartment,2,1320.0,1312792.8,994.54,Sale,2026-01-25,Title Deed,Company
TXN-00017,BLD-014,Al Furjan,Apartment,2,1647.0,1680236.46,1020.18,Sale,2026-04-30,Title Deed,Individual
TXN-00018,BLD-039,Dubai Silicon Oasis,Apartment,0,510.0,569328.3,1116.33,Sale,2025-05-28,Title Deed,Individual
TXN-00019,BLD-050,Arabian Ranches,Apartment,2,1891.0,2317685.24,1225.64,Off-Plan,2026-03-10,Oqood,Individual
TXN-00020,BLD-013,Business Bay,Villa,4,7214.0,13538513.8,1876.7,Sale,2025-09-08,Title Deed,Individual
TXN-00021,BLD-047,Dubai South,Apartment,2,1498.0,1368827.46,913.77,Sale,2025-05-15,Title Deed,Individual
TXN-00022,BLD-059,Dubai Hills Estate,Apartment,1,1686.0,2510335.98,1488.93,Sale,2025-08-08,Title Deed,Company
TXN-00023,BLD-009,Jumeirah Village Circle,Villa,4,5556.0,6431847.84,1157.64,Off-Plan,2025-01-12,Oqood,Company
TXN-00024,BLD-036,Motor City,Villa,3,3411.0,3674329.2,1077.2,Off-Plan,2025-01-25,Oqood,Individual
TXN-00025,BLD-046,Downtown Dubai,Villa,3,4322.0,9720912.74,2249.17,Off-Plan,2025-03-16,Oqood,Individual
TXN-00026,BLD-061,Arabian Ranches,Apartment,1,1595.0,1879053.55,1178.09,Sale,2026-06-27,Title Deed,Individual
TXN-00027,BLD-039,Dubai Silicon Oasis,Apartment,4,540.0,525981.6,974.04,Off-Plan,2026-04-09,Oqood,Individual
TXN-00028,BLD-010,Dubai South,Townhouse,3,2067.0,2202119.79,1065.37,Sale,2026-02-04,Title Deed,Individual
TXN-00029,BLD-077,Palm Jumeirah,Apartment,2,1619.0,4577350.13,2827.27,Off-Plan,2025-08-18,Oqood,Individual
TXN-00030,BLD-056,Downtown Dubai,Apartment,1,1091.0,2626386.12,2407.32,Sale,2025-09-28,Title Deed,Individual
TXN-00031,BLD-048,Business Bay,Townhouse,4,2654.0,3893683.4,1467.1,Sale,2026-01-26,Title Deed,Individual
TXN-00032,BLD-017,Jumeirah Village Circle,Apartment,2,1532.0,1731052.76,1129.93,Sale,2026-03-19,Title Deed,Individual
TXN-00033,BLD-007,Dubai South,Townhouse,4,2433.0,2408280.72,989.84,Off-Plan,2025-04-30,Oqood,Individual
TXN-00034,BLD-045,Palm Jumeirah,Villa,4,6384.0,22491534.24,3523.11,Off-Plan,2025-02-05,Oqood,Company
TXN-00035,BLD-078,Al Barari,Townhouse,4,2281.0,3940792.46,1727.66,Sale,2025-01-16,Title Deed,Individual
TXN-00036,BLD-024,Business Bay,Villa,4,4684.0,7319593.12,1562.68,Sale,2025-08-18,Title Deed,Individual
TXN-00037,BLD-049,Motor City,Apartment,1,1153.0,1290599.02,1119.34,Sale,2025-03-04,Title Deed,Individual
TXN-00038,BLD-020,Dubai Marina,Apartment,2,1754.0,3579896.46,2040.99,Sale,2025-10-16,Title Deed,Individual
TXN-00039,BLD-028,Downtown Dubai,Villa,3,4821.0,11757069.12,2438.72,Sale,2025-02-25,Title Deed,Individual
TXN-00040,BLD-029,Dubai Hills Estate,Apartment,2,435.0,734906.4,1689.44,Sale,2025-12-11,Title Deed,Individual
TXN-00041,BLD-016,Dubai Marina,Apartment,2,768.0,1525724.16,1986.62,Sale,2026-01-07,Title Deed,Company
TXN-00042,BLD-010,Dubai South,Apartment,2,1284.0,1193721.96,929.69,Sale,2026-02-28,Title Deed,Individual
TXN-00043,BLD-054,Dubai Silicon Oasis,Apartment,1,2333.0,2511124.55,1076.35,Sale,2026-01-15,Title Deed,Individual
TXN-00044,BLD-012,Dubai South,Apartment,0,1283.0,1221800.9,952.3,Off-Plan,2025-08-24,Oqood,Individual
TXN-00045,BLD-043,Arabian Ranches,Villa,3,5776.0,6630443.68,1147.93,Off-Plan,2025-06-10,Oqood,Individual
TXN-00046,BLD-031,Downtown Dubai,Apartment,1,764.0,1725532.2,2258.55,Sale,2026-05-30,Title Deed,Company
TXN-00047,BLD-060,Jumeirah Village Circle,Villa,5,4910.0,6087712.6,1239.86,Off-Plan,2025-11-29,Oqood,Individual
TXN-00048,BLD-020,Dubai Marina,Apartment,2,1670.0,3352925.8,2007.74,Sale,2026-04-27,Title Deed,Individual
TXN-00049,BLD-058,Dubai Marina,Apartment,1,988.0,2087525.44,2112.88,Sale,2026-02-07,Title Deed,Individual
TXN-00050,BLD-060,Jumeirah Village Circle,Apartment,3,1883.0,2524764.06,1340.82,Sale,2026-05-12,Title Deed,Individual
TXN-00051,BLD-065,Dubai Silicon Oasis,Apartment,0,625.0,491156.25,785.85,Off-Plan,2025-07-05,Oqood,Individual
TXN-00052,BLD-006,DAMAC Hills,Apartment,1,1290.0,1499921.7,1162.73,Sale,2026-03-04,Title Deed,Individual
TXN-00053,BLD-044,Dubai Silicon Oasis,Apartment,0,1669.0,1542306.21,924.09,Sale,2025-09-25,Title Deed,Individual
TXN-00054,BLD-078,Al Barari,Villa,4,5539.0,8796652.07,1588.13,Mortgage,2026-02-15,Title Deed,Individual
TXN-00055,BLD-017,Jumeirah Village Circle,Apartment,3,1033.0,1373445.81,1329.57,Off-Plan,2026-07-03,Oqood,Individual
TXN-00056,BLD-012,Dubai South,Apartment,1,1136.0,1111167.04,978.14,Sale,2026-05-22,Title Deed,Company
TXN-00057,BLD-025,Palm Jumeirah,Apartment,1,573.0,1378987.53,2406.61,Off-Plan,2026-07-03,Oqood,Company
TXN-00058,BLD-005,Downtown Dubai,Apartment,3,1644.0,3311065.32,2014.03,Sale,2025-06-28,Title Deed,Individual
TXN-00059,BLD-057,Downtown Dubai,Apartment,1,1845.0,4919692.5,2666.5,Off-Plan,2025-09-06,Oqood,Company
TXN-00060,BLD-069,Dubai Silicon Oasis,Apartment,4,1973.0,1522682.48,771.76,Off-Plan,2026-04-06,Oqood,Individual
TXN-00061,BLD-060,Jumeirah Village Circle,Villa,5,5164.0,5793646.52,1121.93,Sale,2025-09-23,Title Deed,Individual
TXN-00062,BLD-007,Dubai South,Apartment,3,1518.0,1747825.2,1151.4,Off-Plan,2025-06-23,Oqood,Individual
TXN-00063,BLD-035,Business Bay,Apartment,2,2065.0,3839186.05,1859.17,Off-Plan,2025-02-06,Oqood,Company
TXN-00064,BLD-054,Dubai Silicon Oasis,Apartment,2,887.0,836228.12,942.76,Sale,2025-12-19,Title Deed,Company
TXN-00065,BLD-019,Motor City,Apartment,1,2063.0,2248876.3,1090.1,Off-Plan,2025-01-15,Oqood,Individual
TXN-00066,BLD-011,Motor City,Apartment,1,716.0,809330.6,1130.35,Sale,2025-09-10,Title Deed,Individual
TXN-00067,BLD-039,Dubai Silicon Oasis,Apartment,1,1685.0,1504570.2,892.92,Off-Plan,2026-07-12,Oqood,Individual
TXN-00068,BLD-003,Mohammed Bin Rashid City,Apartment,2,1843.0,2936009.58,1593.06,Sale,2025-07-20,Title Deed,Individual
TXN-00069,BLD-011,Motor City,Apartment,1,2308.0,2717162.24,1177.28,Sale,2026-05-06,Title Deed,Individual
TXN-00070,BLD-006,DAMAC Hills,Apartment,4,922.0,2124380.2,2304.1,Sale,2025-04-26,Title Deed,Individual
TXN-00071,BLD-075,Jumeirah Lake Towers,Villa,4,3008.0,5332341.76,1772.72,Sale,2026-04-30,Title Deed,Individual
TXN-00072,BLD-062,Dubai Hills Estate,Apartment,3,545.0,991752.85,1819.73,Sale,2025-08-02,Title Deed,Individual
TXN-00073,BLD-006,DAMAC Hills,Apartment,1,1208.0,1520098.88,1258.36,Sale,2025-10-29,Title Deed,Individual
TXN-00074,BLD-046,Downtown Dubai,Villa,3,5882.0,15886693.8,2700.9,Sale,2026-04-05,Title Deed,Individual
TXN-00075,BLD-050,Arabian Ranches,Apartment,1,1790.0,2396953.2,1339.08,Sale,2026-03-20,Title Deed,Individual
TXN-00076,BLD-011,Motor City,Apartment,4,777.0,774280.5,996.5,Sale,2026-04-11,Title Deed,Individual
TXN-00077,BLD-078,Al Barari,Villa,3,4886.0,8487910.34,1737.19,Off-Plan,2026-03-31,Oqood,Individual
TXN-00078,BLD-036,Motor City,Apartment,3,534.0,609924.12,1142.18,Sale,2025-06-22,Title Deed,Individual
TXN-00079,BLD-004,Arabian Ranches,Apartment,2,1967.0,2277274.58,1157.74,Off-Plan,2026-02-06,Oqood,Individual
TXN-00080,BLD-073,Motor City,Apartment,1,1311.0,1550021.52,1182.32,Sale,2026-01-20,Title Deed,Individual
TXN-00081,BLD-051,Motor City,Apartment,1,2322.0,2050511.76,883.08,Sale,2025-05-10,Title Deed,Company
TXN-00082,BLD-034,Dubai Hills Estate,Villa,5,3808.0,6276040.96,1648.12,Mortgage,2025-05-28,Title Deed,Individual
TXN-00083,BLD-010,Dubai South,Apartment,3,1301.0,1404650.67,1079.67,Off-Plan,2025-12-31,Oqood,Individual
TXN-00084,BLD-009,Jumeirah Village Circle,Apartment,1,1014.0,1317297.54,1299.11,Off-Plan,2026-01-15,Oqood,Individual
TXN-00085,BLD-066,DAMAC Hills,Apartment,4,1988.0,2213439.2,1113.4,Sale,2026-05-03,Title Deed,Individual
TXN-00086,BLD-071,DAMAC Hills,Apartment,3,550.0,600996.0,1092.72,Sale,2026-03-05,Title Deed,Individual
TXN-00087,BLD-074,Arabian Ranches,Apartment,4,1692.0,2140041.6,1264.8,Sale,2025-07-15,Title Deed,Company
TXN-00088,BLD-017,Jumeirah Village Circle,Apartment,3,530.0,603728.3,1139.11,Sale,2025-08-28,Title Deed,Individual
TXN-00089,BLD-045,Palm Jumeirah,Townhouse,3,2311.0,7030108.22,3042.02,Mortgage,2025-11-16,Title Deed,Individual
TXN-00090,BLD-079,Jumeirah Lake Towers,Apartment,2,754.0,976558.18,1295.17,Off-Plan,2025-12-21,Oqood,Individual
TXN-00091,BLD-073,Motor City,Apartment,3,581.0,741582.59,1276.39,Sale,2026-03-12,Title Deed,Individual
TXN-00092,BLD-080,DAMAC Hills,Apartment,2,1662.0,2169425.22,1305.31,Sale,2026-03-01,Title Deed,Company
TXN-00093,BLD-039,Dubai Silicon Oasis,Apartment,2,733.0,724995.64,989.08,Sale,2025-12-02,Title Deed,Individual
TXN-00094,BLD-045,Palm Jumeirah,Townhouse,2,2467.0,7743271.58,3138.74,Sale,2025-09-20,Title Deed,Individual
TXN-00095,BLD-019,Motor City,Apartment,1,1181.0,1324444.26,1121.46,Off-Plan,2025-12-11,Oqood,Individual
TXN-00096,BLD-074,Arabian Ranches,Villa,3,3549.0,4268488.77,1202.73,Off-Plan,2025-04-12,Oqood,Individual
TXN-00097,BLD-051,Motor City,Apartment,4,846.0,720808.92,852.02,Sale,2026-05-06,Title Deed,Company
TXN-00098,BLD-037,Dubai Marina,Apartment,3,1273.0,2524600.87,1983.19,Off-Plan,2026-02-24,Oqood,Individual
TXN-00099,BLD-007,Dubai South,Apartment,1,1515.0,1612308.45,1064.23,Off-Plan,2025-05-11,Oqood,Individual
TXN-00100,BLD-017,Jumeirah Village Circle,Townhouse,3,3231.0,4437746.19,1373.49,Off-Plan,2026-06-15,Oqood,Individual
TXN-00101,BLD-052,Jumeirah Lake Towers,Apartment,0,691.0,896489.58,1297.38,Sale,2026-06-21,Title Deed,Individual
TXN-00102,BLD-018,Jumeirah Lake Towers,Apartment,2,742.0,1273858.18,1716.79,Sale,2026-06-15,Title Deed,Individual
TXN-00103,BLD-069,Dubai Silicon Oasis,Apartment,2,1360.0,1128514.4,829.79,Sale,2025-11-21,Title Deed,Individual
TXN-00104,BLD-004,Arabian Ranches,Apartment,1,1718.0,2261317.5,1316.25,Sale,2026-05-16,Title Deed,Individual
TXN-00105,BLD-022,Dubai Silicon Oasis,Apartment,2,1954.0,2176228.42,1113.73,Sale,2025-05-02,Title Deed,Individual
TXN-00106,BLD-025,Palm Jumeirah,Apartment,1,720.0,1874973.6,2604.13,Off-Plan,2025-03-14,Oqood,Company
TXN-00107,BLD-018,Jumeirah Lake Towers,Apartment,2,2396.0,3774993.84,1575.54,Mortgage,2026-07-09,Title Deed,Individual
TXN-00108,BLD-044,Dubai Silicon Oasis,Apartment,2,2138.0,2210007.84,1033.68,Sale,2025-09-19,Title Deed,Individual
TXN-00109,BLD-036,Motor City,Apartment,1,2346.0,2602441.26,1109.31,Sale,2025-11-30,Title Deed,Individual
TXN-00110,BLD-062,Dubai Hills Estate,Apartment,3,1995.0,3334762.2,1671.56,Off-Plan,2026-02-18,Oqood,Individual
TXN-00111,BLD-045,Palm Jumeirah,Townhouse,4,2323.0,8013908.63,3449.81,Sale,2025-09-29,Title Deed,Individual
TXN-00112,BLD-062,Dubai Hills Estate,Apartment,3,957.0,1662921.48,1737.64,Sale,2025-09-12,Title Deed,Individual
TXN-00113,BLD-032,Palm Jumeirah,Apartment,3,867.0,2140250.19,2468.57,Sale,2025-05-30,Title Deed,Individual
TXN-00114,BLD-001,Motor City,Townhouse,5,2084.0,2176654.64,1044.46,Sale,2025-10-31,Title Deed,Individual
TXN-00115,BLD-042,Jumeirah Village Circle,Apartment,0,1942.0,2051587.06,1056.43,Off-Plan,2025-02-17,Oqood,Company
TXN-00116,BLD-023,Palm Jumeirah,Apartment,3,2269.0,6513754.44,2870.76,Off-Plan,2025-11-02,Oqood,Individual
TXN-00117,BLD-005,Downtown Dubai,Apartment,2,632.0,1316279.04,2082.72,Mortgage,2026-05-30,Title Deed,Individual
TXN-00118,BLD-018,Jumeirah Lake Towers,Villa,4,3706.0,5529463.18,1492.03,Sale,2025-07-19,Title Deed,Individual
TXN-00119,BLD-002,Downtown Dubai,Villa,5,5469.0,11541394.77,2110.33,Off-Plan,2026-03-23,Oqood,Company
TXN-00120,BLD-066,DAMAC Hills,Apartment,1,609.0,675362.73,1108.97,Mortgage,2026-02-06,Title Deed,Individual
TXN-00121,BLD-031,Downtown Dubai,Apartment,1,1073.0,2321424.77,2163.49,Sale,2025-09-08,Title Deed,Individual
TXN-00122,BLD-008,DAMAC Hills,Apartment,2,736.0,872417.6,1185.35,Off-Plan,2025-05-10,Oqood,Individual
TXN-00123,BLD-038,Business Bay,Apartment,1,2316.0,3896137.32,1682.27,Mortgage,2026-05-07,Title Deed,Individual
TXN-00124,BLD-069,Dubai Silicon Oasis,Villa,5,6381.0,5437122.48,852.08,Off-Plan,2026-07-04,Oqood,Individual
TXN-00125,BLD-047,Dubai South,Apartment,2,542.0,513328.2,947.1,Sale,2025-12-11,Title Deed,Individual
TXN-00126,BLD-067,Motor City,Apartment,2,1839.0,2224711.86,1209.74,Sale,2025-05-25,Title Deed,Individual
TXN-00127,BLD-066,DAMAC Hills,Apartment,2,1526.0,1623160.42,1063.67,Sale,2025-01-13,Title Deed,Individual
TXN-00128,BLD-028,Downtown Dubai,Apartment,0,1102.0,2882688.74,2615.87,Mortgage,2026-05-08,Title Deed,Individual
TXN-00129,BLD-005,Downtown Dubai,Apartment,1,688.0,1594192.32,2317.14,Mortgage,2026-02-05,Title Deed,Individual
TXN-00130,BLD-058,Dubai Marina,Villa,6,4566.0,8991823.8,1969.3,Sale,2026-01-01,Title Deed,Individual
TXN-00131,BLD-016,Dubai Marina,Apartment,2,1467.0,2593626.66,1767.98,Sale,2025-11-11,Title Deed,Individual
TXN-00132,BLD-060,Jumeirah Village Circle,Apartment,2,1473.0,1689486.81,1146.97,Sale,2025-05-05,Title Deed,Individual
TXN-00133,BLD-005,Downtown Dubai,Villa,4,6400.0,12422208.0,1940.97,Sale,2025-02-13,Title Deed,Individual
TXN-00134,BLD-058,Dubai Marina,Apartment,2,516.0,955229.52,1851.22,Sale,2025-03-08,Title Deed,Individual
TXN-00135,BLD-018,Jumeirah Lake Towers,Apartment,1,2035.0,3160314.3,1552.98,Sale,2025-12-04,Title Deed,Individual
TXN-00136,BLD-031,Downtown Dubai,Apartment,1,1727.0,3496294.23,2024.49,Sale,2025-07-08,Title Deed,Company
TXN-00137,BLD-055,Arabian Ranches,Apartment,0,1102.0,1389864.44,1261.22,Sale,2026-03-04,Title Deed,Individual
TXN-00138,BLD-020,Dubai Marina,Apartment,1,1485.0,2725168.05,1835.13,Off-Plan,2026-04-29,Oqood,Individual
TXN-00139,BLD-008,DAMAC Hills,Apartment,4,1523.0,1537727.41,1009.67,Sale,2026-04-15,Title Deed,Individual
TXN-00140,BLD-048,Business Bay,Apartment,2,797.0,1352620.58,1697.14,Sale,2025-07-21,Title Deed,Company
TXN-00141,BLD-076,Dubai Marina,Villa,4,5053.0,9365078.61,1853.37,Mortgage,2025-07-23,Title Deed,Individual
TXN-00142,BLD-016,Dubai Marina,Villa,5,7098.0,14101383.66,1986.67,Sale,2025-12-05,Title Deed,Individual
TXN-00143,BLD-037,Dubai Marina,Apartment,2,1131.0,2133393.99,1886.29,Sale,2026-05-05,Title Deed,Individual
TXN-00144,BLD-041,Palm Jumeirah,Townhouse,3,2545.0,7476319.25,2937.65,Sale,2026-03-13,Title Deed,Individual
TXN-00145,BLD-038,Business Bay,Apartment,1,1172.0,1992821.92,1700.36,Off-Plan,2025-09-30,Oqood,Individual
TXN-00146,BLD-063,Al Furjan,Townhouse,4,2683.0,2940138.72,1095.84,Sale,2026-05-25,Title Deed,Individual
TXN-00147,BLD-024,Business Bay,Townhouse,3,2955.0,3974061.3,1344.86,Off-Plan,2025-02-28,Oqood,Company
TXN-00148,BLD-001,Motor City,Apartment,3,878.0,741286.62,844.29,Sale,2026-05-19,Title Deed,Individual
TXN-00149,BLD-063,Al Furjan,Apartment,2,1234.0,2146802.14,1739.71,Sale,2026-06-08,Title Deed,Individual
TXN-00150,BLD-056,Downtown Dubai,Villa,6,3303.0,7431188.49,2249.83,Sale,2026-01-07,Title Deed,Individual
TXN-00151,BLD-035,Business Bay,Villa,3,7309.0,11607642.17,1588.13,Off-Plan,2025-04-02,Oqood,Individual
TXN-00152,BLD-005,Downtown Dubai,Apartment,1,1514.0,2933692.94,1937.71,Sale,2026-03-30,Title Deed,Individual
TXN-00153,BLD-043,Arabian Ranches,Apartment,3,609.0,671684.37,1102.93,Sale,2026-05-11,Title Deed,Company
TXN-00154,BLD-035,Business Bay,Apartment,0,2253.0,3871172.19,1718.23,Sale,2025-11-28,Title Deed,Company
TXN-00155,BLD-003,Mohammed Bin Rashid City,Townhouse,3,3154.0,5567913.9,1765.35,Sale,2025-09-13,Title Deed,Individual
TXN-00156,BLD-073,Motor City,Villa,4,7014.0,8921527.44,1271.96,Sale,2025-03-31,Title Deed,Company
TXN-00157,BLD-065,Dubai Silicon Oasis,Villa,4,3259.0,2390280.96,733.44,Sale,2026-02-20,Title Deed,Individual
TXN-00158,BLD-042,Jumeirah Village Circle,Apartment,1,2385.0,2599459.2,1089.92,Mortgage,2026-02-03,Title Deed,Individual
TXN-00159,BLD-011,Motor City,Villa,4,3958.0,4117190.76,1040.22,Sale,2025-06-16,Title Deed,Company
TXN-00160,BLD-050,Arabian Ranches,Apartment,0,430.0,519388.4,1207.88,Sale,2025-07-20,Title Deed,Individual
TXN-00161,BLD-056,Downtown Dubai,Apartment,2,1228.0,2911244.16,2370.72,Sale,2025-12-08,Title Deed,Individual
TXN-00162,BLD-050,Arabian Ranches,Apartment,1,1963.0,2488612.88,1267.76,Mortgage,2026-06-27,Title Deed,Individual
TXN-00163,BLD-022,Dubai Silicon Oasis,Villa,3,4064.0,3844747.2,946.05,Sale,2025-11-12,Title Deed,Individual
TXN-00164,BLD-062,Dubai Hills Estate,Villa,4,7238.0,13292948.9,1836.55,Sale,2025-05-28,Title Deed,Individual
TXN-00165,BLD-039,Dubai Silicon Oasis,Apartment,1,2086.0,2261870.66,1084.31,Sale,2025-05-29,Title Deed,Individual
TXN-00166,BLD-039,Dubai Silicon Oasis,Apartment,3,818.0,907014.76,1108.82,Mortgage,2026-05-27,Title Deed,Individual
TXN-00167,BLD-074,Arabian Ranches,Villa,4,4117.0,4829693.87,1173.11,Mortgage,2025-07-13,Title Deed,Individual
TXN-00168,BLD-071,DAMAC Hills,Apartment,2,2287.0,2545087.95,1112.85,Off-Plan,2026-03-04,Oqood,Individual
TXN-00169,BLD-064,Dubai South,Apartment,1,920.0,943634.8,1025.69,Sale,2026-05-15,Title Deed,Individual
TXN-00170,BLD-075,Jumeirah Lake Towers,Apartment,2,2242.0,3735037.48,1665.94,Off-Plan,2025-04-07,Oqood,Individual
TXN-00171,BLD-014,Al Furjan,Villa,5,4469.0,4235360.68,947.72,Mortgage,2026-02-23,Title Deed,Individual
TXN-00172,BLD-043,Arabian Ranches,Townhouse,3,1819.0,2259416.28,1242.12,Sale,2025-08-24,Title Deed,Individual
TXN-00173,BLD-058,Dubai Marina,Apartment,2,1766.0,3067171.14,1736.79,Mortgage,2025-11-08,Title Deed,Individual
TXN-00174,BLD-054,Dubai Silicon Oasis,Townhouse,2,3296.0,3086901.76,936.56,Sale,2026-06-27,Title Deed,Company
TXN-00175,BLD-062,Dubai Hills Estate,Apartment,0,1850.0,3047745.5,1647.43,Sale,2025-02-02,Title Deed,Individual
TXN-00176,BLD-044,Dubai Silicon Oasis,Apartment,2,745.0,673666.25,904.25,Sale,2026-03-22,Title Deed,Individual
TXN-00177,BLD-060,Jumeirah Village Circle,Apartment,1,785.0,942839.95,1201.07,Sale,2025-07-31,Title Deed,Individual
TXN-00178,BLD-058,Dubai Marina,Apartment,1,1815.0,3649039.35,2010.49,Off-Plan,2025-04-24,Oqood,Individual
TXN-00179,BLD-069,Dubai Silicon Oasis,Apartment,1,1326.0,1200586.92,905.42,Sale,2026-02-11,Title Deed,Individual
TXN-00180,BLD-079,Jumeirah Lake Towers,Apartment,0,1117.0,1453652.63,1301.39,Off-Plan,2025-04-06,Oqood,Company
TXN-00181,BLD-018,Jumeirah Lake Towers,Apartment,1,652.0,967437.6,1483.8,Sale,2026-02-06,Title Deed,Individual
TXN-00182,BLD-055,Arabian Ranches,Apartment,2,1793.0,2607039.93,1454.01,Sale,2025-06-02,Title Deed,Individual
TXN-00183,BLD-024,Business Bay,Apartment,2,526.0,702762.3,1336.05,Sale,2026-06-11,Title Deed,Company
TXN-00184,BLD-064,Dubai South,Apartment,2,1826.0,1755735.52,961.52,Sale,2025-08-23,Title Deed,Company
TXN-00185,BLD-038,Business Bay,Apartment,1,992.0,1713630.4,1727.45,Off-Plan,2026-06-17,Oqood,Individual
TXN-00186,BLD-015,Dubai Hills Estate,Apartment,1,1495.0,2558722.4,1711.52,Off-Plan,2026-04-06,Oqood,Individual
TXN-00187,BLD-070,Al Furjan,Apartment,1,1877.0,2028530.21,1080.73,Off-Plan,2025-10-06,Oqood,Individual
TXN-00188,BLD-045,Palm Jumeirah,Villa,3,6867.0,24218466.93,3526.79,Sale,2026-01-04,Title Deed,Individual
TXN-00189,BLD-079,Jumeirah Lake Towers,Apartment,1,696.0,913882.8,1313.05,Sale,2025-10-24,Title Deed,Individual
TXN-00190,BLD-077,Palm Jumeirah,Apartment,1,1814.0,4618625.4,2546.1,Off-Plan,2025-04-17,Oqood,Company
TXN-00191,BLD-018,Jumeirah Lake Towers,Townhouse,4,3454.0,6101698.24,1766.56,Sale,2025-09-22,Title Deed,Company
TXN-00192,BLD-019,Motor City,Villa,5,6379.0,7594518.45,1190.55,Sale,2026-03-10,Title Deed,Individual
TXN-00193,BLD-049,Motor City,Apartment,2,2163.0,2278785.39,1053.53,Sale,2026-01-22,Title Deed,Company
TXN-00194,BLD-059,Dubai Hills Estate,Townhouse,3,1804.0,3178936.64,1762.16,Off-Plan,2026-01-11,Oqood,Individual
TXN-00195,BLD-009,Jumeirah Village Circle,Villa,4,7350.0,9079675.5,1235.33,Sale,2025-05-23,Title Deed,Individual
TXN-00196,BLD-073,Motor City,Villa,5,7003.0,7478083.52,1067.84,Off-Plan,2025-01-26,Oqood,Company
TXN-00197,BLD-016,Dubai Marina,Townhouse,3,2622.0,4880118.84,1861.22,Mortgage,2025-11-15,Title Deed,Company
TXN-00198,BLD-021,Jumeirah Village Circle,Villa,5,3239.0,3658158.99,1129.41,Off-Plan,2025-03-04,Oqood,Individual
TXN-00199,BLD-051,Motor City,Apartment,2,1915.0,1649466.1,861.34,Sale,2025-03-30,Title Deed,Individual
TXN-00200,BLD-017,Jumeirah Village Circle,Apartment,2,1301.0,1646415.5,1265.5,Sale,2025-05-25,Title Deed,Company
TXN-00201,BLD-062,Dubai Hills Estate,Apartment,1,1867.0,3278545.35,1756.05,Off-Plan,2025-05-26,Oqood,Individual
TXN-00202,BLD-019,Motor City,Apartment,2,1628.0,1873730.32,1150.94,Sale,2026-03-07,Title Deed,Individual
TXN-00203,BLD-079,Jumeirah Lake Towers,Villa,5,3207.0,4803957.72,1497.96,Sale,2026-03-25,Title Deed,Individual
TXN-00204,BLD-041,Palm Jumeirah,Villa,3,5830.0,18799184.8,3224.56,Off-Plan,2025-02-06,Oqood,Individual
TXN-00205,BLD-039,Dubai Silicon Oasis,Apartment,2,794.0,819876.46,1032.59,Off-Plan,2025-09-12,Oqood,Company
TXN-00206,BLD-064,Dubai South,Apartment,1,1683.0,1922760.18,1142.46,Sale,2025-11-30,Title Deed,Individual
TXN-00207,BLD-017,Jumeirah Village Circle,Apartment,3,1253.0,1434685.0,1145.0,Sale,2025-03-25,Title Deed,Company
TXN-00208,BLD-003,Mohammed Bin Rashid City,Apartment,0,847.0,1697701.39,2004.37,Sale,2026-06-07,Title Deed,Individual
TXN-00209,BLD-054,Dubai Silicon Oasis,Apartment,1,1688.0,1503872.96,890.92,Sale,2025-08-06,Title Deed,Individual
TXN-00210,BLD-020,Dubai Marina,Apartment,1,1676.0,3435800.0,2050.0,Sale,2025-09-11,Title Deed,Individual
TXN-00211,BLD-008,DAMAC Hills,Apartment,3,650.0,624754.0,961.16,Off-Plan,2025-07-08,Oqood,Individual
TXN-00212,BLD-016,Dubai Marina,Apartment,1,442.0,806367.12,1824.36,Sale,2025-10-02,Title Deed,Company
TXN-00213,BLD-022,Dubai Silicon Oasis,Apartment,2,2149.0,2018211.86,939.14,Off-Plan,2026-03-25,Oqood,Individual
TXN-00214,BLD-035,Business Bay,Apartment,1,2351.0,3975235.37,1690.87,Sale,2025-06-29,Title Deed,Individual
TXN-00215,BLD-048,Business Bay,Apartment,2,2191.0,3240094.62,1478.82,Off-Plan,2025-01-22,Oqood,Individual
TXN-00216,BLD-032,Palm Jumeirah,Apartment,1,2242.0,6798326.92,3032.26,Sale,2026-03-15,Title Deed,Company
TXN-00217,BLD-029,Dubai Hills Estate,Apartment,1,1846.0,3011453.64,1631.34,Sale,2025-03-04,Title Deed,Individual
TXN-00218,BLD-023,Palm Jumeirah,Apartment,2,511.0,1480249.47,2896.77,Off-Plan,2025-11-24,Oqood,Individual
TXN-00219,BLD-042,Jumeirah Village Circle,Apartment,2,1150.0,1386992.0,1206.08,Off-Plan,2026-01-22,Oqood,Individual
TXN-00220,BLD-076,Dubai Marina,Townhouse,5,3197.0,6241630.98,1952.34,Off-Plan,2026-03-05,Oqood,Individual
TXN-00221,BLD-004,Arabian Ranches,Apartment,1,2082.0,2980903.5,1431.75,Sale,2025-11-20,Title Deed,Individual
TXN-00222,BLD-014,Al Furjan,Apartment,4,1251.0,1482159.78,1184.78,Sale,2025-02-23,Title Deed,Individual
TXN-00223,BLD-030,Dubai Marina,Townhouse,3,3062.0,5952926.06,1944.13,Sale,2025-05-26,Title Deed,Individual
TXN-00224,BLD-051,Motor City,Apartment,2,1281.0,1146123.51,894.71,Sale,2026-02-16,Title Deed,Individual
TXN-00225,BLD-042,Jumeirah Village Circle,Apartment,1,568.0,684349.12,1204.84,Sale,2025-06-27,Title Deed,Individual
TXN-00226,BLD-058,Dubai Marina,Apartment,1,1481.0,2610514.27,1762.67,Sale,2025-05-12,Title Deed,Individual
TXN-00227,BLD-012,Dubai South,Apartment,2,2056.0,1937903.36,942.56,Off-Plan,2025-04-13,Oqood,Individual
TXN-00228,BLD-032,Palm Jumeirah,Townhouse,3,1888.0,5551380.8,2940.35,Sale,2026-04-18,Title Deed,Company
TXN-00229,BLD-072,Dubai South,Villa,3,4972.0,4569218.28,918.99,Sale,2025-08-25,Title Deed,Company
TXN-00230,BLD-017,Jumeirah Village Circle,Apartment,1,1779.0,1989882.66,1118.54,Sale,2025-03-27,Title Deed,Company
TXN-00231,BLD-003,Mohammed Bin Rashid City,Townhouse,3,2963.0,4836564.16,1632.32,Off-Plan,2025-05-15,Oqood,Company
TXN-00232,BLD-006,DAMAC Hills,Townhouse,2,3463.0,4621962.21,1334.67,Sale,2026-03-22,Title Deed,Individual
TXN-00233,BLD-023,Palm Jumeirah,Apartment,3,964.0,2344843.24,2432.41,Sale,2025-11-08,Title Deed,Individual
TXN-00234,BLD-064,Dubai South,Apartment,2,541.0,516108.59,953.99,Sale,2026-07-02,Title Deed,Company
TXN-00235,BLD-032,Palm Jumeirah,Apartment,3,1994.0,5813168.02,2915.33,Sale,2026-05-21,Title Deed,Individual
TXN-00236,BLD-045,Palm Jumeirah,Townhouse,3,2499.0,7843236.45,3138.55,Sale,2025-10-24,Title Deed,Company
TXN-00237,BLD-008,DAMAC Hills,Villa,4,4480.0,4511628.8,1007.06,Sale,2025-09-13,Title Deed,Individual
TXN-00238,BLD-035,Business Bay,Apartment,3,1879.0,3521847.28,1874.32,Sale,2026-02-11,Title Deed,Company
TXN-00239,BLD-046,Downtown Dubai,Townhouse,5,2113.0,5091907.4,2409.8,Off-Plan,2025-02-07,Oqood,Individual
TXN-00240,BLD-046,Downtown Dubai,Townhouse,3,2814.0,7921410.0,2815.0,Off-Plan,2025-11-22,Oqood,Individual
TXN-00241,BLD-023,Palm Jumeirah,Apartment,0,881.0,2355159.68,2673.28,Sale,2025-08-04,Title Deed,Company
TXN-00242,BLD-017,Jumeirah Village Circle,Apartment,1,2009.0,2232481.16,1111.24,Sale,2025-06-04,Title Deed,Individual
TXN-00243,BLD-015,Dubai Hills Estate,Villa,5,7315.0,13709260.95,1874.13,Sale,2025-11-15,Title Deed,Individual
TXN-00244,BLD-042,Jumeirah Village Circle,Apartment,1,2298.0,2881255.38,1253.81,Off-Plan,2026-01-10,Oqood,Individual
TXN-00245,BLD-029,Dubai Hills Estate,Apartment,3,1169.0,2017366.68,1725.72,Sale,2026-02-14,Title Deed,Individual
TXN-00246,BLD-073,Motor City,Apartment,2,2244.0,2509151.04,1118.16,Sale,2025-06-03,Title Deed,Company
TXN-00247,BLD-043,Arabian Ranches,Villa,3,7417.0,10039057.84,1353.52,Sale,2025-12-19,Title Deed,Individual
TXN-00248,BLD-058,Dubai Marina,Apartment,1,1792.0,3631075.84,2026.27,Off-Plan,2026-04-03,Oqood,Individual
TXN-00249,BLD-054,Dubai Silicon Oasis,Townhouse,4,2688.0,2641443.84,982.68,Sale,2025-08-28,Title Deed,Individual
TXN-00250,BLD-021,Jumeirah Village Circle,Apartment,3,486.0,575054.64,1183.24,Sale,2026-01-29,Title Deed,Individual
TXN-00251,BLD-021,Jumeirah Village Circle,Villa,4,7021.0,9011664.13,1283.53,Sale,2025-02-10,Title Deed,Individual
TXN-00252,BLD-056,Downtown Dubai,Townhouse,3,3402.0,7558359.48,2221.74,Sale,2025-10-08,Title Deed,Individual
TXN-00253,BLD-037,Dubai Marina,Apartment,0,1198.0,2247951.16,1876.42,Sale,2025-04-09,Title Deed,Individual
TXN-00254,BLD-038,Business Bay,Villa,4,5058.0,7996900.32,1581.04,Off-Plan,2026-05-09,Oqood,Company
TXN-00255,BLD-015,Dubai Hills Estate,Apartment,1,1388.0,2121072.2,1528.15,Sale,2026-02-04,Title Deed,Individual
TXN-00256,BLD-048,Business Bay,Apartment,0,1291.0,2273489.73,1761.03,Sale,2025-04-19,Title Deed,Individual
TXN-00257,BLD-011,Motor City,Apartment,3,1240.0,1276604.8,1029.52,Sale,2026-06-29,Title Deed,Individual
TXN-00258,BLD-054,Dubai Silicon Oasis,Townhouse,4,3485.0,3172290.95,910.27,Sale,2025-02-14,Title Deed,Individual
TXN-00259,BLD-065,Dubai Silicon Oasis,Apartment,2,1552.0,1160026.88,747.44,Mortgage,2025-06-30,Title Deed,Individual
TXN-00260,BLD-028,Downtown Dubai,Villa,3,4790.0,11027921.2,2302.28,Mortgage,2025-10-01,Title Deed,Individual
TXN-00261,BLD-041,Palm Jumeirah,Townhouse,4,1921.0,5898795.49,3070.69,Sale,2026-04-24,Title Deed,Individual
TXN-00262,BLD-002,Downtown Dubai,Villa,4,5256.0,11781744.48,2241.58,Sale,2025-04-22,Title Deed,Individual
TXN-00263,BLD-014,Al Furjan,Apartment,0,986.0,1009890.78,1024.23,Sale,2026-05-22,Title Deed,Individual
TXN-00264,BLD-074,Arabian Ranches,Apartment,0,965.0,1200469.65,1244.01,Off-Plan,2025-12-15,Oqood,Individual
TXN-00265,BLD-031,Downtown Dubai,Apartment,2,952.0,1945469.12,2043.56,Off-Plan,2026-05-28,Oqood,Individual
TXN-00266,BLD-013,Business Bay,Townhouse,3,2341.0,4477817.98,1912.78,Sale,2025-04-11,Title Deed,Individual
TXN-00267,BLD-025,Palm Jumeirah,Apartment,3,1226.0,3275761.66,2671.91,Sale,2025-06-21,Title Deed,Individual
TXN-00268,BLD-009,Jumeirah Village Circle,Apartment,2,689.0,929812.39,1349.51,Sale,2025-08-03,Title Deed,Individual
TXN-00269,BLD-008,DAMAC Hills,Apartment,2,2238.0,2277634.98,1017.71,Off-Plan,2025-05-16,Oqood,Individual
TXN-00270,BLD-004,Arabian Ranches,Apartment,2,1303.0,1673104.12,1284.04,Sale,2025-10-01,Title Deed,Individual
TXN-00271,BLD-012,Dubai South,Apartment,1,743.0,874993.95,1177.65,Off-Plan,2025-08-09,Oqood,Individual
TXN-00272,BLD-035,Business Bay,Apartment,2,2132.0,3766050.08,1766.44,Sale,2025-07-06,Title Deed,Individual
TXN-00273,BLD-077,Palm Jumeirah,Villa,3,5659.0,16039699.83,2834.37,Off-Plan,2026-01-30,Oqood,Individual
TXN-00274,BLD-045,Palm Jumeirah,Apartment,1,1018.0,3439333.36,3378.52,Sale,2026-01-28,Title Deed,Individual
TXN-00275,BLD-072,Dubai South,Apartment,2,1011.0,910557.15,900.65,Mortgage,2025-10-20,Title Deed,Individual
TXN-00276,BLD-034,Dubai Hills Estate,Apartment,3,1710.0,2704091.4,1581.34,Sale,2026-02-27,Title Deed,Individual
TXN-00277,BLD-041,Palm Jumeirah,Villa,5,5880.0,17442902.4,2966.48,Sale,2025-02-15,Title Deed,Individual
TXN-00278,BLD-075,Jumeirah Lake Towers,Villa,4,3693.0,5682825.33,1538.81,Sale,2026-01-12,Title Deed,Company
TXN-00279,BLD-065,Dubai Silicon Oasis,Apartment,1,1722.0,1336478.64,776.12,Sale,2025-07-16,Title Deed,Individual
TXN-00280,BLD-043,Arabian Ranches,Apartment,1,862.0,1047588.6,1215.3,Off-Plan,2025-11-07,Oqood,Individual
TXN-00281,BLD-060,Jumeirah Village Circle,Villa,4,6872.0,9285102.8,1351.15,Sale,2026-06-06,Title Deed,Company
TXN-00282,BLD-016,Dubai Marina,Villa,4,4202.0,8635404.14,2055.07,Sale,2026-03-05,Title Deed,Individual
TXN-00283,BLD-073,Motor City,Townhouse,5,2058.0,2277177.0,1106.5,Sale,2025-07-10,Title Deed,Individual
TXN-00284,BLD-041,Palm Jumeirah,Apartment,0,962.0,2787741.32,2897.86,Off-Plan,2025-04-10,Oqood,Individual
TXN-00285,BLD-017,Jumeirah Village Circle,Apartment,2,1219.0,1472296.01,1207.79,Sale,2026-01-27,Title Deed,Individual
TXN-00286,BLD-002,Downtown Dubai,Townhouse,4,2756.0,2569749.52,932.42,Off-Plan,2025-12-28,Oqood,Individual
TXN-00287,BLD-040,Dubai Hills Estate,Apartment,1,1586.0,2749346.86,1733.51,Sale,2026-06-26,Title Deed,Individual
TXN-00288,BLD-077,Palm Jumeirah,Apartment,1,1780.0,5371648.4,3017.78,Sale,2025-06-27,Title Deed,Individual
TXN-00289,BLD-052,Jumeirah Lake Towers,Apartment,1,2370.0,2739246.0,1155.8,Sale,2025-02-17,Title Deed,Individual
TXN-00290,BLD-049,Motor City,Villa,4,5313.0,6238577.73,1174.21,Off-Plan,2025-01-30,Oqood,Individual
TXN-00291,BLD-007,Dubai South,Villa,4,4587.0,4846670.07,1056.61,Sale,2025-01-19,Title Deed,Individual
TXN-00292,BLD-039,Dubai Silicon Oasis,Apartment,0,1450.0,1516192.5,1045.65,Sale,2026-06-17,Title Deed,Company
TXN-00293,BLD-080,DAMAC Hills,Apartment,0,630.0,687714.3,1091.61,Sale,2025-08-04,Title Deed,Individual
TXN-00294,BLD-046,Downtown Dubai,Villa,4,2985.0,6994123.65,2343.09,Mortgage,2025-01-12,Title Deed,Individual
TXN-00295,BLD-002,Downtown Dubai,Apartment,3,2074.0,4346813.64,2095.86,Sale,2025-04-23,Title Deed,Individual
TXN-00296,BLD-033,Mohammed Bin Rashid City,Apartment,2,2355.0,3876824.55,1646.21,Off-Plan,2025-11-03,Oqood,Company
TXN-00297,BLD-047,Dubai South,Villa,4,6271.0,6298968.66,1004.46,Sale,2025-07-03,Title Deed,Company
TXN-00298,BLD-043,Arabian Ranches,Apartment,1,1651.0,1845669.41,1117.91,Off-Plan,2026-02-24,Oqood,Individual
TXN-00299,BLD-052,Jumeirah Lake Towers,Townhouse,3,2494.0,3490552.52,1399.58,Off-Plan,2025-05-05,Oqood,Company
TXN-00300,BLD-017,Jumeirah Village Circle,Villa,3,7230.0,8802886.5,1217.55,Sale,2026-04-03,Title Deed,Company
TXN-00301,BLD-024,Business Bay,Apartment,2,1630.0,2693346.8,1652.36,Off-Plan,2026-05-19,Oqood,Company
TXN-00302,BLD-063,Al Furjan,Apartment,1,511.0,499635.36,977.76,Off-Plan,2025-08-27,Oqood,Individual
TXN-00303,BLD-044,Dubai Silicon Oasis,Apartment,2,1644.0,1670106.72,1015.88,Sale,2026-02-08,Title Deed,Individual
TXN-00304,BLD-020,Dubai Marina,Villa,4,7443.0,15125962.32,2032.24,Sale,2026-06-01,Title Deed,Company
TXN-00305,BLD-022,Dubai Silicon Oasis,Apartment,2,897.0,827330.01,922.33,Sale,2026-02-26,Title Deed,Individual
TXN-00306,BLD-031,Downtown Dubai,Apartment,2,1555.0,3305168.05,2125.51,Sale,2025-01-28,Title Deed,Company
TXN-00307,BLD-014,Al Furjan,Apartment,0,1507.0,1715900.34,1138.62,Mortgage,2026-06-14,Title Deed,Individual
TXN-00308,BLD-072,Dubai South,Apartment,2,2302.0,2067978.68,898.34,Sale,2026-05-09,Title Deed,Individual
TXN-00309,BLD-047,Dubai South,Villa,3,6369.0,5794770.96,909.84,Off-Plan,2025-11-04,Oqood,Company
TXN-00310,BLD-071,DAMAC Hills,Apartment,2,511.0,484944.11,949.01,Off-Plan,2025-04-29,Oqood,Individual
TXN-00311,BLD-033,Mohammed Bin Rashid City,Apartment,1,2262.0,4131452.52,1826.46,Off-Plan,2025-04-30,Oqood,Individual
TXN-00312,BLD-054,Dubai Silicon Oasis,Apartment,2,1751.0,1861873.32,1063.32,Sale,2026-06-10,Title Deed,Individual
TXN-00313,BLD-018,Jumeirah Lake Towers,Townhouse,2,3125.0,4991750.0,1597.36,Sale,2025-07-10,Title Deed,Company
TXN-00314,BLD-075,Jumeirah Lake Towers,Apartment,3,625.0,1056675.0,1690.68,Sale,2026-03-14,Title Deed,Company
TXN-00315,BLD-078,Al Barari,Townhouse,4,2292.0,4202473.68,1833.54,Sale,2026-03-08,Title Deed,Individual
TXN-00316,BLD-078,Al Barari,Villa,5,4205.0,7527496.65,1790.13,Off-Plan,2025-08-20,Oqood,Company
TXN-00317,BLD-026,Downtown Dubai,Apartment,2,1779.0,4032583.83,2266.77,Off-Plan,2025-07-11,Oqood,Company
TXN-00318,BLD-065,Dubai Silicon Oasis,Apartment,2,1826.0,1513260.98,828.73,Sale,2026-03-13,Title Deed,Company
TXN-00319,BLD-069,Dubai Silicon Oasis,Apartment,3,2020.0,1490820.6,738.03,Sale,2025-08-02,Title Deed,Individual
TXN-00320,BLD-035,Business Bay,Villa,3,4147.0,7590171.16,1830.28,Off-Plan,2025-02-12,Oqood,Individual
TXN-00321,BLD-046,Downtown Dubai,Villa,3,6880.0,18854708.8,2740.51,Off-Plan,2025-09-10,Oqood,Individual
TXN-00322,BLD-066,DAMAC Hills,Villa,5,4152.0,5103347.76,1229.13,Sale,2025-11-26,Title Deed,Company
TXN-00323,BLD-071,DAMAC Hills,Apartment,2,822.0,927618.78,1128.49,Sale,2026-01-21,Title Deed,Individual
TXN-00324,BLD-076,Dubai Marina,Apartment,2,1957.0,3591877.8,1835.4,Sale,2025-07-20,Title Deed,Individual
TXN-00325,BLD-023,Palm Jumeirah,Villa,3,2991.0,7495775.01,2506.11,Sale,2025-01-15,Title Deed,Company
TXN-00326,BLD-043,Arabian Ranches,Apartment,3,499.0,632612.24,1267.76,Off-Plan,2025-11-14,Oqood,Individual
TXN-00327,BLD-063,Al Furjan,Villa,4,3143.0,3236127.09,1029.63,Mortgage,2026-06-11,Title Deed,Individual
TXN-00328,BLD-021,Jumeirah Village Circle,Apartment,2,602.0,703647.7,1168.85,Sale,2025-08-21,Title Deed,Individual
TXN-00329,BLD-080,DAMAC Hills,Apartment,4,2051.0,2128322.7,1037.7,Off-Plan,2025-09-16,Oqood,Individual
TXN-00330,BLD-006,DAMAC Hills,Villa,4,7105.0,8751654.8,1231.76,Sale,2026-06-23,Title Deed,Individual
TXN-00331,BLD-048,Business Bay,Apartment,2,1384.0,2336856.32,1688.48,Sale,2025-04-18,Title Deed,Individual
TXN-00332,BLD-022,Dubai Silicon Oasis,Townhouse,4,2760.0,2655506.4,962.14,Off-Plan,2026-03-20,Oqood,Individual
TXN-00333,BLD-014,Al Furjan,Apartment,3,2160.0,2262729.6,1047.56,Off-Plan,2025-06-16,Oqood,Individual
TXN-00334,BLD-004,Arabian Ranches,Apartment,1,593.0,820202.02,1383.14,Sale,2025-08-31,Title Deed,Individual
TXN-00335,BLD-034,Dubai Hills Estate,Apartment,2,1221.0,1871841.84,1533.04,Sale,2025-03-15,Title Deed,Individual
TXN-00336,BLD-075,Jumeirah Lake Towers,Apartment,3,1128.0,1765895.28,1565.51,Off-Plan,2025-10-25,Oqood,Individual
TXN-00337,BLD-057,Downtown Dubai,Apartment,3,481.0,1165419.71,2422.91,Off-Plan,2025-11-08,Oqood,Company
TXN-00338,BLD-019,Motor City,Apartment,3,2331.0,2880999.45,1235.95,Mortgage,2025-06-03,Title Deed,Individual
TXN-00339,BLD-016,Dubai Marina,Apartment,2,1200.0,2046540.0,1705.45,Sale,2025-12-28,Title Deed,Individual
TXN-00340,BLD-028,Downtown Dubai,Apartment,2,1435.0,3130926.05,2181.83,Off-Plan,2025-07-14,Oqood,Individual
TXN-00341,BLD-073,Motor City,Villa,5,7182.0,8527188.6,1187.3,Sale,2025-03-19,Title Deed,Individual
TXN-00342,BLD-033,Mohammed Bin Rashid City,Apartment,2,1385.0,2327935.7,1680.82,Off-Plan,2025-03-22,Oqood,Individual
TXN-00343,BLD-025,Palm Jumeirah,Apartment,2,1640.0,4452813.2,2715.13,Sale,2025-11-29,Title Deed,Individual
TXN-00344,BLD-055,Arabian Ranches,Apartment,1,1976.0,2652048.88,1342.13,Sale,2025-12-15,Title Deed,Individual
TXN-00345,BLD-062,Dubai Hills Estate,Apartment,1,1025.0,1737723.5,1695.34,Sale,2025-06-02,Title Deed,Company
TXN-00346,BLD-069,Dubai Silicon Oasis,Apartment,2,1661.0,1513685.91,911.31,Off-Plan,2026-02-28,Oqood,Individual
TXN-00347,BLD-076,Dubai Marina,Apartment,0,936.0,1824413.76,1949.16,Off-Plan,2026-02-15,Oqood,Individual
TXN-00348,BLD-029,Dubai Hills Estate,Townhouse,3,3343.0,6069985.39,1815.73,Sale,2025-01-20,Title Deed,Individual
TXN-00349,BLD-031,Downtown Dubai,Villa,5,5686.0,12131137.86,2133.51,Sale,2025-06-08,Title Deed,Individual
TXN-00350,BLD-062,Dubai Hills Estate,Townhouse,2,3171.0,5499877.53,1734.43,Sale,2026-06-24,Title Deed,Individual
TXN-00351,BLD-047,Dubai South,Apartment,3,2165.0,2120769.05,979.57,Sale,2025-10-17,Title Deed,Company
TXN-00352,BLD-034,Dubai Hills Estate,Apartment,2,1166.0,1874858.04,1607.94,Off-Plan,2025-09-24,Oqood,Individual
TXN-00353,BLD-049,Motor City,Townhouse,3,2531.0,2557727.36,1010.56,Off-Plan,2025-01-16,Oqood,Company
TXN-00354,BLD-065,Dubai Silicon Oasis,Townhouse,3,2214.0,1712706.12,773.58,Sale,2025-05-11,Title Deed,Individual
TXN-00355,BLD-030,Dubai Marina,Apartment,1,644.0,1118344.64,1736.56,Sale,2026-03-06,Title Deed,Individual
TXN-00356,BLD-003,Mohammed Bin Rashid City,Apartment,1,1593.0,2891310.93,1815.01,Off-Plan,2025-06-29,Oqood,Individual
TXN-00357,BLD-034,Dubai Hills Estate,Townhouse,3,2530.0,4115829.3,1626.81,Off-Plan,2025-10-27,Oqood,Individual
TXN-00358,BLD-011,Motor City,Apartment,2,1353.0,1390031.61,1027.37,Sale,2025-07-15,Title Deed,Individual
TXN-00359,BLD-080,DAMAC Hills,Apartment,1,1854.0,2156646.96,1163.24,Sale,2026-02-08,Title Deed,Individual
TXN-00360,BLD-017,Jumeirah Village Circle,Apartment,1,2122.0,2586017.74,1218.67,Sale,2026-05-12,Title Deed,Individual
TXN-00361,BLD-079,Jumeirah Lake Towers,Apartment,3,1472.0,1876049.28,1274.49,Off-Plan,2025-01-11,Oqood,Company
TXN-00362,BLD-056,Downtown Dubai,Apartment,1,506.0,1162459.1,2297.35,Off-Plan,2026-02-04,Oqood,Company
TXN-00363,BLD-045,Palm Jumeirah,Apartment,2,1928.0,5715343.92,2964.39,Sale,2025-09-05,Title Deed,Individual
TXN-00364,BLD-011,Motor City,Apartment,3,1229.0,1421768.65,1156.85,Off-Plan,2025-05-10,Oqood,Individual
TXN-00365,BLD-067,Motor City,Apartment,2,1782.0,1902391.92,1067.56,Sale,2025-09-26,Title Deed,Individual
TXN-00366,BLD-034,Dubai Hills Estate,Villa,4,4519.0,7424988.14,1643.06,Off-Plan,2026-05-19,Oqood,Individual
TXN-00367,BLD-023,Palm Jumeirah,Apartment,2,922.0,2357729.18,2557.19,Off-Plan,2025-05-11,Oqood,Individual
TXN-00368,BLD-030,Dubai Marina,Apartment,2,740.0,1260738.0,1703.7,Sale,2025-03-04,Title Deed,Individual
TXN-00369,BLD-021,Jumeirah Village Circle,Apartment,2,2013.0,2509546.71,1246.67,Sale,2025-10-06,Title Deed,Individual
TXN-00370,BLD-029,Dubai Hills Estate,Apartment,2,1854.0,3285213.84,1771.96,Off-Plan,2025-03-09,Oqood,Individual
TXN-00371,BLD-023,Palm Jumeirah,Apartment,1,819.0,2334289.23,2850.17,Sale,2026-06-16,Title Deed,Individual
TXN-00372,BLD-067,Motor City,Villa,4,5968.0,6834135.84,1145.13,Mortgage,2025-10-19,Title Deed,Individual
TXN-00373,BLD-052,Jumeirah Lake Towers,Apartment,1,1580.0,2180163.0,1379.85,Sale,2025-10-28,Title Deed,Individual
TXN-00374,BLD-072,Dubai South,Townhouse,3,3534.0,3645780.42,1031.63,Sale,2025-01-14,Title Deed,Company
TXN-00375,BLD-034,Dubai Hills Estate,Apartment,2,1526.0,2310837.06,1514.31,Sale,2025-09-30,Title Deed,Individual
TXN-00376,BLD-069,Dubai Silicon Oasis,Villa,4,6063.0,5126630.28,845.56,Off-Plan,2026-04-24,Oqood,Individual
TXN-00377,BLD-059,Dubai Hills Estate,Townhouse,4,2668.0,4327362.6,1621.95,Off-Plan,2025-09-02,Oqood,Individual
TXN-00378,BLD-041,Palm Jumeirah,Apartment,1,1481.0,4397740.64,2969.44,Sale,2025-12-26,Title Deed,Individual
TXN-00379,BLD-010,Dubai South,Apartment,1,1041.0,1095964.8,1052.8,Sale,2025-07-23,Title Deed,Individual
TXN-00380,BLD-064,Dubai South,Villa,3,3938.0,3847662.28,977.06,Off-Plan,2026-01-09,Oqood,Company
TXN-00381,BLD-020,Dubai Marina,Villa,3,3169.0,6214947.73,1961.17,Sale,2025-02-22,Title Deed,Company
TXN-00382,BLD-062,Dubai Hills Estate,Apartment,1,2198.0,4113073.44,1871.28,Sale,2026-06-17,Title Deed,Individual
TXN-00383,BLD-036,Motor City,Apartment,2,674.0,773037.56,1146.94,Mortgage,2025-12-31,Title Deed,Individual
TXN-00384,BLD-051,Motor City,Villa,5,4949.0,4747130.29,959.21,Sale,2025-08-13,Title Deed,Individual
TXN-00385,BLD-049,Motor City,Apartment,1,1633.0,1733968.39,1061.83,Sale,2025-12-27,Title Deed,Individual
TXN-00386,BLD-047,Dubai South,Apartment,1,1250.0,1144025.0,915.22,Sale,2025-05-24,Title Deed,Individual
TXN-00387,BLD-074,Arabian Ranches,Villa,5,6188.0,7601896.12,1228.49,Off-Plan,2025-06-12,Oqood,Individual
TXN-00388,BLD-061,Arabian Ranches,Villa,3,5148.0,7044111.36,1368.32,Sale,2026-05-23,Title Deed,Individual
TXN-00389,BLD-039,Dubai Silicon Oasis,Apartment,3,514.0,471332.86,916.99,Sale,2025-04-18,Title Deed,Individual
TXN-00390,BLD-058,Dubai Marina,Villa,4,4493.0,9151072.82,2036.74,Sale,2026-01-04,Title Deed,Individual
TXN-00391,BLD-078,Al Barari,Apartment,2,1705.0,2997969.7,1758.34,Sale,2026-05-24,Title Deed,Individual
TXN-00392,BLD-058,Dubai Marina,Townhouse,3,2316.0,4016198.76,1734.11,Sale,2025-12-21,Title Deed,Company
TXN-00393,BLD-054,Dubai Silicon Oasis,Apartment,2,2101.0,1876403.1,893.1,Sale,2025-11-04,Title Deed,Individual
TXN-00394,BLD-035,Business Bay,Apartment,1,2178.0,4074275.7,1870.65,Off-Plan,2026-04-16,Oqood,Individual
TXN-00395,BLD-053,Dubai Silicon Oasis,Apartment,3,668.0,642943.32,962.49,Off-Plan,2025-08-13,Oqood,Individual
TXN-00396,BLD-022,Dubai Silicon Oasis,Apartment,0,2275.0,2100280.0,923.2,Off-Plan,2025-04-05,Oqood,Individual
TXN-00397,BLD-014,Al Furjan,Apartment,1,1717.0,1743476.14,1015.42,Sale,2025-05-19,Title Deed,Individual
TXN-00398,BLD-017,Jumeirah Village Circle,Apartment,1,490.0,669550.7,1366.43,Off-Plan,2025-10-15,Oqood,Individual
TXN-00399,BLD-071,DAMAC Hills,Apartment,4,1801.0,1914408.97,1062.97,Off-Plan,2026-03-31,Oqood,Individual
TXN-00400,BLD-068,Dubai Hills Estate,Apartment,2,2220.0,3576042.6,1610.83,Sale,2026-03-08,Title Deed,Individual
TXN-00401,BLD-034,Dubai Hills Estate,Apartment,0,1456.0,2092767.04,1437.34,Sale,2026-05-28,Title Deed,Individual
TXN-00402,BLD-062,Dubai Hills Estate,Apartment,2,2000.0,3938680.0,1969.34,Sale,2026-04-02,Title Deed,Individual
TXN-00403,BLD-051,Motor City,Apartment,2,1699.0,1513809.0,891.0,Sale,2026-06-23,Title Deed,Individual
TXN-00404,BLD-079,Jumeirah Lake Towers,Villa,5,4138.0,6277635.66,1517.07,Sale,2025-07-15,Title Deed,Company
TXN-00405,BLD-018,Jumeirah Lake Towers,Apartment,2,1643.0,2746060.91,1671.37,Sale,2025-03-01,Title Deed,Individual
TXN-00406,BLD-069,Dubai Silicon Oasis,Apartment,4,979.0,803386.98,820.62,Sale,2025-01-25,Title Deed,Individual
TXN-00407,BLD-064,Dubai South,Apartment,1,1976.0,2001134.72,1012.72,Off-Plan,2025-04-02,Oqood,Individual
TXN-00408,BLD-019,Motor City,Apartment,2,561.0,620129.4,1105.4,Off-Plan,2025-01-22,Oqood,Company
TXN-00409,BLD-016,Dubai Marina,Townhouse,4,2493.0,4435321.23,1779.11,Mortgage,2025-04-16,Title Deed,Individual
TXN-00410,BLD-067,Motor City,Apartment,1,1190.0,1451359.7,1219.63,Sale,2026-06-27,Title Deed,Individual
TXN-00411,BLD-016,Dubai Marina,Apartment,2,813.0,1674251.55,2059.35,Sale,2026-03-30,Title Deed,Individual
TXN-00412,BLD-042,Jumeirah Village Circle,Apartment,3,1578.0,1671701.64,1059.38,Mortgage,2026-05-11,Title Deed,Individual
TXN-00413,BLD-077,Palm Jumeirah,Apartment,2,912.0,2569122.24,2817.02,Sale,2025-03-12,Title Deed,Company
TXN-00414,BLD-008,DAMAC Hills,Apartment,1,1482.0,1590097.08,1072.94,Sale,2025-12-31,Title Deed,Individual
TXN-00415,BLD-057,Downtown Dubai,Villa,3,4576.0,11175186.88,2442.13,Sale,2025-11-07,Title Deed,Individual
TXN-00416,BLD-070,Al Furjan,Villa,3,3677.0,4466120.97,1214.61,Sale,2025-06-23,Title Deed,Company
TXN-00417,BLD-009,Jumeirah Village Circle,Apartment,2,2042.0,2497917.34,1223.27,Off-Plan,2025-07-18,Oqood,Individual
TXN-00418,BLD-003,Mohammed Bin Rashid City,Apartment,1,1648.0,2669578.72,1619.89,Mortgage,2025-07-23,Title Deed,Company
TXN-00419,BLD-068,Dubai Hills Estate,Villa,5,3524.0,5942873.6,1686.4,Sale,2025-03-19,Title Deed,Individual
TXN-00420,BLD-006,DAMAC Hills,Villa,3,6905.0,8714110.0,1262.0,Sale,2026-02-11,Title Deed,Individual
TXN-00421,BLD-063,Al Furjan,Apartment,2,927.0,972803.07,1049.41,Sale,2025-08-11,Title Deed,Company
TXN-00422,BLD-063,Al Furjan,Townhouse,4,2643.0,2614534.89,989.23,Off-Plan,2026-01-22,Oqood,Company
TXN-00423,BLD-008,DAMAC Hills,Villa,4,2991.0,3067091.04,1025.44,Mortgage,2025-04-19,Title Deed,Company
TXN-00424,BLD-013,Business Bay,Villa,4,3690.0,6223258.8,1686.52,Off-Plan,2026-03-11,Oqood,Individual
TXN-00425,BLD-014,Al Furjan,Villa,4,5970.0,6241515.6,1045.48,Sale,2026-02-25,Title Deed,Company
TXN-00426,BLD-065,Dubai Silicon Oasis,Apartment,1,2397.0,1887853.23,787.59,Sale,2025-12-08,Title Deed,Company
TXN-00427,BLD-048,Business Bay,Apartment,2,2056.0,3141259.6,1527.85,Sale,2025-09-27,Title Deed,Individual
TXN-00428,BLD-047,Dubai South,Townhouse,3,2515.0,2654532.2,1055.48,Sale,2025-11-15,Title Deed,Individual
TXN-00429,BLD-001,Motor City,Apartment,1,2114.0,2179491.72,1030.98,Off-Plan,2026-06-17,Oqood,Individual
TXN-00430,BLD-072,Dubai South,Apartment,2,607.0,560212.44,922.92,Sale,2025-09-22,Title Deed,Company
TXN-00431,BLD-030,Dubai Marina,Apartment,1,1550.0,2521834.5,1626.99,Sale,2026-05-19,Title Deed,Individual
TXN-00432,BLD-023,Palm Jumeirah,Apartment,3,1812.0,4345991.4,2398.45,Off-Plan,2026-02-04,Oqood,Individual
TXN-00433,BLD-011,Motor City,Villa,6,4372.0,4740078.68,1084.19,Mortgage,2025-08-30,Title Deed,Individual
TXN-00434,BLD-078,Al Barari,Townhouse,4,2938.0,4868706.7,1657.15,Sale,2025-12-10,Title Deed,Individual
TXN-00435,BLD-065,Dubai Silicon Oasis,Villa,3,5966.0,5422139.44,908.84,Off-Plan,2025-04-12,Oqood,Individual
TXN-00436,BLD-029,Dubai Hills Estate,Apartment,3,713.0,1286765.36,1804.72,Off-Plan,2025-10-05,Oqood,Individual
TXN-00437,BLD-011,Motor City,Apartment,1,1802.0,1975929.04,1096.52,Sale,2025-07-29,Title Deed,Individual
TXN-00438,BLD-072,Dubai South,Apartment,2,908.0,974075.16,1072.77,Sale,2025-04-11,Title Deed,Company
TXN-00439,BLD-015,Dubai Hills Estate,Apartment,1,1110.0,1923186.0,1732.6,Sale,2026-01-03,Title Deed,Individual
TXN-00440,BLD-079,Jumeirah Lake Towers,Villa,5,5729.0,8915412.51,1556.19,Sale,2025-06-18,Title Deed,Individual
TXN-00441,BLD-011,Motor City,Apartment,0,2299.0,2756615.95,1199.05,Off-Plan,2025-05-03,Oqood,Individual
TXN-00442,BLD-040,Dubai Hills Estate,Apartment,0,834.0,1246121.1,1494.15,Sale,2026-05-19,Title Deed,Individual
TXN-00443,BLD-080,DAMAC Hills,Villa,3,6084.0,10373585.04,1705.06,Off-Plan,2025-07-03,Oqood,Individual
TXN-00444,BLD-008,DAMAC Hills,Apartment,3,1644.0,1834786.2,1116.05,Sale,2025-10-14,Title Deed,Individual
TXN-00445,BLD-047,Dubai South,Villa,3,6877.0,6084907.14,884.82,Sale,2025-04-21,Title Deed,Company
TXN-00446,BLD-041,Palm Jumeirah,Apartment,2,594.0,2079564.3,3500.95,Sale,2025-02-19,Title Deed,Individual
TXN-00447,BLD-032,Palm Jumeirah,Townhouse,3,2682.0,6476895.9,2414.95,Off-Plan,2025-11-15,Oqood,Individual
TXN-00448,BLD-031,Downtown Dubai,Townhouse,5,2297.0,4600064.08,2002.64,Sale,2025-02-09,Title Deed,Company
TXN-00449,BLD-072,Dubai South,Townhouse,3,2415.0,2217863.55,918.37,Off-Plan,2025-08-30,Oqood,Individual
TXN-00450,BLD-054,Dubai Silicon Oasis,Apartment,1,2342.0,2183025.04,932.12,Sale,2025-05-31,Title Deed,Individual
TXN-00451,BLD-075,Jumeirah Lake Towers,Apartment,3,2128.0,3681099.52,1729.84,Sale,2025-06-07,Title Deed,Individual
TXN-00452,BLD-073,Motor City,Townhouse,3,2803.0,3051570.04,1088.68,Sale,2025-02-09,Title Deed,Company
TXN-00453,BLD-041,Palm Jumeirah,Townhouse,3,2540.0,8829040.0,3476.0,Off-Plan,2025-10-17,Oqood,Company
TXN-00454,BLD-020,Dubai Marina,Villa,3,3668.0,7399933.24,2017.43,Sale,2025-09-03,Title Deed,Individual
TXN-00455,BLD-077,Palm Jumeirah,Apartment,2,1131.0,3032821.74,2681.54,Sale,2026-01-27,Title Deed,Individual
TXN-00456,BLD-024,Business Bay,Villa,4,3446.0,4632388.88,1344.28,Off-Plan,2025-10-13,Oqood,Individual
TXN-00457,BLD-053,Dubai Silicon Oasis,Apartment,2,822.0,776115.96,944.18,Mortgage,2026-05-26,Title Deed,Individual
TXN-00458,BLD-042,Jumeirah Village Circle,Villa,5,4810.0,5571086.3,1158.23,Off-Plan,2026-02-17,Oqood,Individual
TXN-00459,BLD-079,Jumeirah Lake Towers,Townhouse,3,2765.0,4096568.7,1481.58,Sale,2026-04-22,Title Deed,Individual
TXN-00460,BLD-006,DAMAC Hills,Villa,3,5328.0,6001512.48,1126.41,Sale,2025-03-01,Title Deed,Individual
TXN-00461,BLD-025,Palm Jumeirah,Apartment,1,1023.0,2697323.64,2636.68,Sale,2025-03-06,Title Deed,Individual
TXN-00462,BLD-067,Motor City,Townhouse,3,2963.0,3271803.86,1104.22,Sale,2025-05-28,Title Deed,Individual
TXN-00463,BLD-051,Motor City,Apartment,2,774.0,776925.72,1003.78,Sale,2025-09-23,Title Deed,Individual
TXN-00464,BLD-042,Jumeirah Village Circle,Villa,6,6543.0,6719595.57,1026.99,Sale,2026-01-16,Title Deed,Individual
TXN-00465,BLD-011,Motor City,Apartment,1,1986.0,2423833.56,1220.46,Sale,2025-07-03,Title Deed,Individual
TXN-00466,BLD-043,Arabian Ranches,Apartment,2,717.0,819860.82,1143.46,Off-Plan,2025-11-22,Oqood,Individual
TXN-00467,BLD-058,Dubai Marina,Apartment,1,2199.0,3671912.19,1669.81,Off-Plan,2026-06-03,Oqood,Individual
TXN-00468,BLD-064,Dubai South,Apartment,0,2168.0,2313819.68,1067.26,Sale,2025-04-01,Title Deed,Individual
TXN-00469,BLD-077,Palm Jumeirah,Apartment,1,1504.0,4111830.72,2733.93,Off-Plan,2025-06-10,Oqood,Individual
TXN-00470,BLD-008,DAMAC Hills,Apartment,0,2111.0,2455895.18,1163.38,Sale,2025-03-01,Title Deed,Company
TXN-00471,BLD-014,Al Furjan,Apartment,1,1751.0,1948880.51,1113.01,Sale,2025-07-10,Title Deed,Company
TXN-00472,BLD-059,Dubai Hills Estate,Villa,4,2968.0,4742774.96,1597.97,Off-Plan,2026-03-23,Oqood,Company
TXN-00473,BLD-071,DAMAC Hills,Apartment,2,662.0,659398.34,996.07,Sale,2025-08-12,Title Deed,Individual
TXN-00474,BLD-079,Jumeirah Lake Towers,Apartment,2,2359.0,3002110.58,1272.62,Off-Plan,2025-10-31,Oqood,Individual
TXN-00475,BLD-055,Arabian Ranches,Apartment,1,1460.0,1828956.6,1252.71,Sale,2026-06-26,Title Deed,Individual
TXN-00476,BLD-064,Dubai South,Apartment,1,1627.0,1895715.32,1165.16,Sale,2025-05-10,Title Deed,Individual
TXN-00477,BLD-027,Dubai Silicon Oasis,Villa,6,4746.0,4774808.22,1006.07,Off-Plan,2025-08-04,Oqood,Individual
TXN-00478,BLD-037,Dubai Marina,Apartment,0,1015.0,2031045.45,2001.03,Sale,2026-02-19,Title Deed,Individual
TXN-00479,BLD-073,Motor City,Apartment,0,768.0,884605.44,1151.83,Off-Plan,2025-02-15,Oqood,Company
TXN-00480,BLD-018,Jumeirah Lake Towers,Apartment,2,2186.0,3408607.94,1559.29,Off-Plan,2025-03-08,Oqood,Individual
TXN-00481,BLD-067,Motor City,Apartment,2,1045.0,1072953.75,1026.75,Off-Plan,2026-01-07,Oqood,Company
TXN-00482,BLD-009,Jumeirah Village Circle,Townhouse,3,1856.0,2365397.76,1274.46,Off-Plan,2026-02-12,Oqood,Individual
TXN-00483,BLD-024,Business Bay,Apartment,3,1908.0,2760608.88,1446.86,Sale,2026-06-02,Title Deed,Individual
TXN-00484,BLD-031,Downtown Dubai,Apartment,3,1019.0,1997708.74,1960.46,Sale,2025-08-04,Title Deed,Individual
TXN-00485,BLD-012,Dubai South,Apartment,0,1376.0,1349401.92,980.67,Mortgage,2026-06-30,Title Deed,Individual
TXN-00486,BLD-040,Dubai Hills Estate,Villa,3,6897.0,12259969.26,1777.58,Off-Plan,2025-02-16,Oqood,Individual
TXN-00487,BLD-059,Dubai Hills Estate,Apartment,3,649.0,964608.7,1486.3,Off-Plan,2025-12-17,Oqood,Company
TXN-00488,BLD-060,Jumeirah Village Circle,Townhouse,2,3179.0,3436594.37,1081.03,Off-Plan,2025-08-12,Oqood,Individual
TXN-00489,BLD-042,Jumeirah Village Circle,Apartment,1,1474.0,1732480.64,1175.36,Sale,2025-05-07,Title Deed,Individual
TXN-00490,BLD-002,Downtown Dubai,Townhouse,3,1984.0,4594309.12,2315.68,Sale,2025-10-27,Title Deed,Company
TXN-00491,BLD-074,Arabian Ranches,Apartment,0,1634.0,1954247.66,1195.99,Sale,2025-03-02,Title Deed,Individual
TXN-00492,BLD-014,Al Furjan,Apartment,0,1196.0,1392179.88,1164.03,Off-Plan,2026-04-11,Oqood,Individual
TXN-00493,BLD-079,Jumeirah Lake Towers,Apartment,1,812.0,1231990.76,1517.23,Sale,2026-05-01,Title Deed,Company
TXN-00494,BLD-073,Motor City,Apartment,3,2241.0,2657064.06,1185.66,Off-Plan,2026-05-01,Oqood,Individual
TXN-00495,BLD-061,Arabian Ranches,Apartment,1,2125.0,2948543.75,1387.55,Sale,2025-12-14,Title Deed,Individual
TXN-00496,BLD-042,Jumeirah Village Circle,Apartment,0,1361.0,1522264.89,1118.49,Sale,2025-05-20,Title Deed,Individual
TXN-00497,BLD-066,DAMAC Hills,Apartment,3,1998.0,2307670.02,1154.99,Off-Plan,2026-02-24,Oqood,Individual
TXN-00498,BLD-076,Dubai Marina,Apartment,2,1505.0,2824779.65,1876.93,Sale,2026-03-27,Title Deed,Company
TXN-00499,BLD-056,Downtown Dubai,Apartment,1,1794.0,4587024.78,2556.87,Off-Plan,2026-05-23,Oqood,Individual
TXN-00500,BLD-015,Dubai Hills Estate,Apartment,2,1519.0,2373786.87,1562.73,Mortgage,2025-05-01,Title Deed,Individual
TXN-00501,BLD-077,Palm Jumeirah,Villa,4,5123.0,12457445.41,2431.67,Off-Plan,2025-01-10,Oqood,Company
TXN-00502,BLD-019,Motor City,Apartment,2,997.0,1174894.71,1178.43,Sale,2025-11-12,Title Deed,Company
TXN-00503,BLD-073,Motor City,Villa,5,7117.0,8975106.36,1261.08,Off-Plan,2025-01-18,Oqood,Company
TXN-00504,BLD-079,Jumeirah Lake Towers,Townhouse,3,2030.0,2777161.8,1368.06,Sale,2026-01-12,Title Deed,Individual
TXN-00505,BLD-015,Dubai Hills Estate,Villa,5,3906.0,6450446.52,1651.42,Sale,2026-02-04,Title Deed,Individual
TXN-00506,BLD-056,Downtown Dubai,Apartment,2,1360.0,3248781.6,2388.81,Mortgage,2025-06-16,Title Deed,Company
TXN-00507,BLD-037,Dubai Marina,Townhouse,4,2042.0,3393681.48,1661.94,Off-Plan,2026-04-02,Oqood,Individual
TXN-00508,BLD-018,Jumeirah Lake Towers,Apartment,2,1243.0,2157997.16,1736.12,Sale,2025-07-13,Title Deed,Individual
TXN-00509,BLD-059,Dubai Hills Estate,Apartment,2,1311.0,2022977.88,1543.08,Sale,2025-09-09,Title Deed,Individual
TXN-00510,BLD-065,Dubai Silicon Oasis,Apartment,3,1561.0,1133239.17,725.97,Sale,2026-05-18,Title Deed,Individual
TXN-00511,BLD-011,Motor City,Apartment,2,2367.0,2781911.43,1175.29,Sale,2025-04-10,Title Deed,Individual
TXN-00512,BLD-032,Palm Jumeirah,Apartment,2,2322.0,6543837.18,2818.19,Off-Plan,2025-03-05,Oqood,Individual
TXN-00513,BLD-044,Dubai Silicon Oasis,Apartment,0,1319.0,1293371.83,980.57,Sale,2025-11-07,Title Deed,Individual
TXN-00514,BLD-038,Business Bay,Apartment,2,1603.0,2912618.94,1816.98,Sale,2025-07-02,Title Deed,Individual
TXN-00515,BLD-074,Arabian Ranches,Apartment,4,2022.0,2326027.92,1150.36,Sale,2025-10-21,Title Deed,Individual
TXN-00516,BLD-033,Mohammed Bin Rashid City,Apartment,1,2119.0,2349441.25,1108.75,Sale,2025-06-13,Title Deed,Individual
TXN-00517,BLD-058,Dubai Marina,Apartment,1,1969.0,3446675.43,1750.47,Sale,2025-04-06,Title Deed,Individual
TXN-00518,BLD-019,Motor City,Apartment,3,2078.0,2428413.14,1168.63,Sale,2025-06-30,Title Deed,Individual
TXN-00519,BLD-027,Dubai Silicon Oasis,Apartment,3,528.0,563766.72,1067.74,Sale,2026-05-12,Title Deed,Individual
TXN-00520,BLD-039,Dubai Silicon Oasis,Apartment,3,2246.0,2339276.38,1041.53,Sale,2026-07-07,Title Deed,Individual
TXN-00521,BLD-056,Downtown Dubai,Apartment,3,1309.0,3572444.26,2729.14,Off-Plan,2026-07-08,Oqood,Individual
TXN-00522,BLD-046,Downtown Dubai,Townhouse,3,3452.0,8354047.12,2420.06,Sale,2026-02-14,Title Deed,Individual
TXN-00523,BLD-060,Jumeirah Village Circle,Villa,5,6251.0,7073381.56,1131.56,Sale,2025-07-13,Title Deed,Individual
TXN-00524,BLD-041,Palm Jumeirah,Apartment,2,2067.0,3747346.98,1812.94,Sale,2025-08-22,Title Deed,Individual
TXN-00525,BLD-037,Dubai Marina,Apartment,0,1646.0,3165258.0,1923.0,Off-Plan,2025-05-14,Oqood,Individual
TXN-00526,BLD-016,Dubai Marina,Apartment,2,1164.0,2282918.28,1961.27,Off-Plan,2025-05-03,Oqood,Individual
TXN-00527,BLD-024,Business Bay,Apartment,2,2274.0,3792804.6,1667.9,Sale,2025-12-07,Title Deed,Individual
TXN-00528,BLD-033,Mohammed Bin Rashid City,Apartment,0,1959.0,3470113.83,1771.37,Sale,2025-10-08,Title Deed,Company
TXN-00529,BLD-023,Palm Jumeirah,Apartment,2,2259.0,5537735.19,2451.41,Sale,2026-03-27,Title Deed,Individual
TXN-00530,BLD-028,Downtown Dubai,Apartment,0,1294.0,2688259.12,2077.48,Sale,2026-04-11,Title Deed,Individual
TXN-00531,BLD-003,Mohammed Bin Rashid City,Townhouse,2,2953.0,5554622.53,1881.01,Sale,2026-02-14,Title Deed,Individual
TXN-00532,BLD-074,Arabian Ranches,Apartment,2,1947.0,2306085.21,1184.43,Off-Plan,2025-03-22,Oqood,Company
TXN-00533,BLD-070,Al Furjan,Apartment,1,1785.0,1866842.25,1045.85,Sale,2025-12-17,Title Deed,Company
TXN-00534,BLD-039,Dubai Silicon Oasis,Apartment,2,2318.0,2331629.84,1005.88,Mortgage,2026-04-25,Title Deed,Individual
TXN-00535,BLD-038,Business Bay,Apartment,1,498.0,784115.94,1574.53,Off-Plan,2026-01-12,Oqood,Company
TXN-00536,BLD-063,Al Furjan,Apartment,2,1876.0,1778466.76,948.01,Off-Plan,2026-05-25,Oqood,Individual
TXN-00537,BLD-050,Arabian Ranches,Apartment,2,1029.0,1389324.93,1350.17,Sale,2025-02-16,Title Deed,Company
TXN-00538,BLD-044,Dubai Silicon Oasis,Apartment,3,505.0,522412.4,1034.48,Off-Plan,2025-06-11,Oqood,Individual
TXN-00539,BLD-075,Jumeirah Lake Towers,Apartment,0,1876.0,2735902.12,1458.37,Off-Plan,2025-09-15,Oqood,Individual
TXN-00540,BLD-017,Jumeirah Village Circle,Apartment,2,2211.0,2481825.39,1122.49,Sale,2025-03-16,Title Deed,Company
TXN-00541,BLD-014,Al Furjan,Apartment,2,1639.0,1619594.24,988.16,Sale,2026-02-25,Title Deed,Company
TXN-00542,BLD-042,Jumeirah Village Circle,Apartment,2,1501.0,1883604.9,1254.9,Sale,2025-07-06,Title Deed,Individual
TXN-00543,BLD-043,Arabian Ranches,Apartment,1,1920.0,2304518.4,1200.27,Sale,2025-02-20,Title Deed,Individual
TXN-00544,BLD-018,Jumeirah Lake Towers,Apartment,3,1633.0,2343044.73,1434.81,Sale,2025-07-12,Title Deed,Individual
TXN-00545,BLD-012,Dubai South,Villa,4,4134.0,4686922.5,1133.75,Sale,2025-06-05,Title Deed,Individual
TXN-00546,BLD-035,Business Bay,Apartment,1,2277.0,3426019.74,1504.62,Sale,2025-04-10,Title Deed,Individual
TXN-00547,BLD-039,Dubai Silicon Oasis,Apartment,0,887.0,891275.34,1004.82,Sale,2026-06-13,Title Deed,Individual
TXN-00548,BLD-029,Dubai Hills Estate,Apartment,2,832.0,1369888.0,1646.5,Sale,2026-05-10,Title Deed,Company
TXN-00549,BLD-064,Dubai South,Apartment,2,505.0,500490.35,991.07,Sale,2026-04-19,Title Deed,Individual
TXN-00550,BLD-006,DAMAC Hills,Apartment,0,1484.0,1666992.04,1123.31,Sale,2025-09-07,Title Deed,Individual
TXN-00551,BLD-057,Downtown Dubai,Apartment,1,814.0,2025948.32,2488.88,Off-Plan,2025-04-20,Oqood,Individual
TXN-00552,BLD-031,Downtown Dubai,Villa,5,4565.0,9638997.5,2111.5,Sale,2025-06-07,Title Deed,Company
TXN-00553,BLD-028,Downtown Dubai,Townhouse,3,2497.0,6147389.27,2461.91,Off-Plan,2025-08-05,Oqood,Company
TXN-00554,BLD-043,Arabian Ranches,Apartment,2,538.0,722808.38,1343.51,Sale,2025-12-27,Title Deed,Individual
TXN-00555,BLD-029,Dubai Hills Estate,Townhouse,4,3221.0,6003396.43,1863.83,Sale,2025-09-02,Title Deed,Company
TXN-00556,BLD-012,Dubai South,Apartment,2,2127.0,2239092.9,1052.7,Sale,2026-03-24,Title Deed,Individual
TXN-00557,BLD-032,Palm Jumeirah,Apartment,1,860.0,2599805.8,3023.03,Off-Plan,2026-03-13,Oqood,Company
TXN-00558,BLD-006,DAMAC Hills,Apartment,2,1942.0,2477817.22,1275.91,Sale,2025-04-20,Title Deed,Company
TXN-00559,BLD-058,Dubai Marina,Apartment,0,1911.0,3541465.2,1853.2,Sale,2025-09-11,Title Deed,Individual
TXN-00560,BLD-012,Dubai South,Apartment,2,740.0,797231.6,1077.34,Sale,2026-04-29,Title Deed,Company
TXN-00561,BLD-018,Jumeirah Lake Towers,Villa,4,6512.0,10481910.56,1609.63,Off-Plan,2025-03-23,Oqood,Company
TXN-00562,BLD-050,Arabian Ranches,Townhouse,3,1859.0,2195181.56,1180.84,Mortgage,2025-08-10,Title Deed,Individual
TXN-00563,BLD-011,Motor City,Apartment,1,2266.0,2741746.7,1209.95,Sale,2026-02-06,Title Deed,Individual
TXN-00564,BLD-047,Dubai South,Apartment,0,1146.0,1137244.56,992.36,Sale,2025-05-31,Title Deed,Individual
TXN-00565,BLD-043,Arabian Ranches,Apartment,0,1367.0,1726206.59,1262.77,Mortgage,2025-08-28,Title Deed,Individual
TXN-00566,BLD-042,Jumeirah Village Circle,Apartment,1,1767.0,1785871.56,1010.68,Sale,2026-07-03,Title Deed,Individual
TXN-00567,BLD-016,Dubai Marina,Apartment,2,2054.0,3845519.34,1872.21,Sale,2025-03-18,Title Deed,Individual
TXN-00568,BLD-025,Palm Jumeirah,Townhouse,3,1944.0,4910932.8,2526.2,Mortgage,2025-10-19,Title Deed,Individual
TXN-00569,BLD-015,Dubai Hills Estate,Villa,4,6912.0,12069596.16,1746.18,Sale,2025-05-25,Title Deed,Company
TXN-00570,BLD-061,Arabian Ranches,Apartment,2,1696.0,1916547.84,1130.04,Off-Plan,2026-06-26,Oqood,Individual
TXN-00571,BLD-043,Arabian Ranches,Apartment,1,1699.0,2152140.29,1266.71,Off-Plan,2026-04-10,Oqood,Company
TXN-00572,BLD-059,Dubai Hills Estate,Apartment,1,1983.0,3118882.23,1572.81,Sale,2025-02-27,Title Deed,Company
TXN-00573,BLD-019,Motor City,Apartment,2,749.0,939433.25,1254.25,Sale,2025-06-16,Title Deed,Company
TXN-00574,BLD-021,Jumeirah Village Circle,Apartment,0,1047.0,1238621.94,1183.02,Sale,2025-02-14,Title Deed,Individual
TXN-00575,BLD-041,Palm Jumeirah,Townhouse,2,2607.0,8273757.69,3173.67,Sale,2026-06-05,Title Deed,Individual
TXN-00576,BLD-019,Motor City,Townhouse,4,2081.0,2511329.99,1206.79,Sale,2025-11-08,Title Deed,Individual
TXN-00577,BLD-061,Arabian Ranches,Townhouse,5,3157.0,4145235.71,1313.03,Off-Plan,2026-04-07,Oqood,Individual
TXN-00578,BLD-044,Dubai Silicon Oasis,Villa,5,7031.0,6856982.75,975.25,Sale,2025-08-23,Title Deed,Individual
TXN-00579,BLD-058,Dubai Marina,Apartment,1,1624.0,3098137.28,1907.72,Off-Plan,2025-07-29,Oqood,Individual
TXN-00580,BLD-003,Mohammed Bin Rashid City,Apartment,3,1761.0,3550475.37,2016.17,Sale,2026-06-17,Title Deed,Individual
TXN-00581,BLD-008,DAMAC Hills,Townhouse,3,2066.0,2153619.06,1042.41,Sale,2026-01-04,Title Deed,Individual
TXN-00582,BLD-040,Dubai Hills Estate,Townhouse,4,1958.0,3107267.68,1586.96,Mortgage,2025-11-01,Title Deed,Company
TXN-00583,BLD-021,Jumeirah Village Circle,Villa,6,4792.0,5494603.04,1146.62,Sale,2025-08-10,Title Deed,Individual
TXN-00584,BLD-039,Dubai Silicon Oasis,Apartment,3,2374.0,2629798.5,1107.75,Off-Plan,2026-03-05,Oqood,Individual
TXN-00585,BLD-035,Business Bay,Apartment,2,1826.0,2821096.96,1544.96,Sale,2026-05-27,Title Deed,Individual
TXN-00586,BLD-006,DAMAC Hills,Villa,4,5550.0,7433392.5,1339.35,Sale,2025-06-16,Title Deed,Company
TXN-00587,BLD-034,Dubai Hills Estate,Apartment,2,1680.0,2751016.8,1637.51,Sale,2025-09-17,Title Deed,Individual
TXN-00588,BLD-004,Arabian Ranches,Apartment,1,2389.0,3268295.34,1368.06,Sale,2025-10-01,Title Deed,Individual
TXN-00589,BLD-061,Arabian Ranches,Townhouse,4,2472.0,2759444.16,1116.28,Sale,2025-06-08,Title Deed,Individual
TXN-00590,BLD-041,Palm Jumeirah,Apartment,2,1128.0,3432898.8,3043.35,Off-Plan,2025-02-28,Oqood,Company
TXN-00591,BLD-038,Business Bay,Apartment,2,572.0,1002664.52,1752.91,Off-Plan,2025-06-30,Oqood,Individual
TXN-00592,BLD-070,Al Furjan,Apartment,1,2093.0,2275802.62,1087.34,Off-Plan,2026-07-11,Oqood,Individual
TXN-00593,BLD-075,Jumeirah Lake Towers,Apartment,1,691.0,1215462.09,1758.99,Sale,2025-06-25,Title Deed,Company
TXN-00594,BLD-014,Al Furjan,Apartment,2,2067.0,2230458.36,1079.08,Off-Plan,2026-07-08,Oqood,Company
TXN-00595,BLD-071,DAMAC Hills,Villa,5,4762.0,4490851.72,943.06,Sale,2026-01-01,Title Deed,Individual
TXN-00596,BLD-040,Dubai Hills Estate,Villa,3,4877.0,7888157.34,1617.42,Mortgage,2025-11-17,Title Deed,Individual
TXN-00597,BLD-004,Arabian Ranches,Villa,3,3405.0,4597533.15,1350.23,Sale,2025-03-31,Title Deed,Individual
TXN-00598,BLD-055,Arabian Ranches,Villa,5,3165.0,4362730.95,1378.43,Sale,2026-06-19,Title Deed,Individual
TXN-00599,BLD-076,Dubai Marina,Apartment,0,921.0,1849764.03,2008.43,Off-Plan,2025-08-08,Oqood,Company
TXN-00600,BLD-076,Dubai Marina,Townhouse,3,2433.0,5087500.32,2091.04,Mortgage,2026-01-01,Title Deed,Company
